variable,N,pearson_r,pearson_p_approx,spearman_rho,spearman_p_approx,abs_spearman_rho,BH_q_spearman
log10_trh_yr,32,0.500926119642836,0.0034976219380089,0.404986723536384,0.0214872540137119,0.404986723536384,0.0537181350342797
trh_yr,32,0.580996235925411,0.000488912058747,0.404986723536384,0.0214872540137119,0.404986723536384,0.0537181350342797
log10_trc_yr,32,0.322853742289854,0.071500537893411,0.151223536516347,0.408701031669296,0.151223536516347,0.51087628958662
trc_yr,32,0.371530807359019,0.0362884021221528,0.151223536516347,0.408701031669296,0.151223536516347,0.51087628958662
concentration_c,32,-0.0678852861010652,0.712004716569452,0.0269526970817096,0.883583685618019,0.0269526970817096,0.883583685618019
