variable,N,pearson_r,pearson_p_approx,spearman_rho,spearman_p_approx,abs_spearman_rho,BH_q_spearman
log10_trh_yr,32,0.539082203701262,0.0014546763553324,0.396919989341907,0.0244941385073278,0.396919989341907,0.0612353462683196
trh_yr,32,0.652762523641412,5.13815366844916e-05,0.396919989341907,0.0244941385073278,0.396919989341907,0.0612353462683196
log10_trc_yr,32,0.296016876139906,0.0999686138110725,0.12904408449395,0.481499958448715,0.12904408449395,0.601874948060894
trc_yr,32,0.504768916491329,0.0032162562176028,0.12904408449395,0.481499958448715,0.12904408449395,0.601874948060894
concentration_c,32,-0.0804203138181807,0.661722507675255,0.0229189601034946,0.900913740137672,0.0229189601034946,0.900913740137672
